{"start_longitudinal_offset": -0.07179298460001426, "init_speed": 8.463111249634135}