{"start_longitudinal_offset": -0.15324605916018696, "init_speed": 9.854814517050334}