{"start_longitudinal_offset": -1.811627676288658, "init_speed": 8.347263272350805}