{"start_longitudinal_offset": -2.388823560400606, "init_speed": 9.259880409179361}