{"start_longitudinal_offset": 1.8663647439402582, "init_speed": 8.065103843213178}