{"start_longitudinal_offset": 0.3304454316335942, "init_speed": 9.648483192194822}