{"start_longitudinal_offset": -0.45704510003942045, "init_speed": 8.995577936995588}