{"start_longitudinal_offset": 0.7764258850553951, "init_speed": 8.475812799259234}