{"start_longitudinal_offset": -0.9781945160877187, "init_speed": 9.461503872742508}