{"start_longitudinal_offset": 1.7041108108818048, "init_speed": 8.555730580597857}