{"start_longitudinal_offset": -0.05808084398388036, "init_speed": 8.029789833520464}