{"start_longitudinal_offset": 1.5605605525678823, "init_speed": 8.142973613246793}