{"start_longitudinal_offset": -0.3781443053649436, "init_speed": 8.625484512501533}