{"start_longitudinal_offset": -0.8123547469482889, "init_speed": 9.054084168060594}