{"start_longitudinal_offset": -1.7423062349034657, "init_speed": 8.028948953580134}