{"start_longitudinal_offset": -0.323369599172566, "init_speed": 9.036330073705429}