{"start_longitudinal_offset": -0.9859893363880784, "init_speed": 9.251068011470927}