{"start_longitudinal_offset": -2.1482466336213735, "init_speed": 8.36867597485696}