{"start_longitudinal_offset": 1.2193955365982823, "init_speed": 9.456486656366524}