{"start_longitudinal_offset": -2.1121201490071178, "init_speed": 8.436285746499976}