{"start_longitudinal_offset": 0.5507241415086617, "init_speed": 8.94226645778092}