{"start_longitudinal_offset": 0.6177920107905283, "init_speed": 8.463816377212838}