{"start_longitudinal_offset": -2.348526691938364, "init_speed": 8.936625068853152}