{"start_longitudinal_offset": 1.9888414446312874, "init_speed": 8.598875791274914}