{"start_longitudinal_offset": -1.6043662125609925, "init_speed": 8.993403683590682}