{"start_longitudinal_offset": 0.0955757198974777, "init_speed": 8.33180798648149}