{"start_longitudinal_offset": -16.21218747545238, "init_speed": 8.107642037604446}