{"start_longitudinal_offset": 0.582456257050949, "init_speed": 8.553148795594213}