{"start_longitudinal_offset": -0.36350614358524935, "init_speed": 9.624189013311547}