{"start_longitudinal_offset": -17.48409445353344, "init_speed": 8.440719745545223}