{"start_longitudinal_offset": -0.5946612609209045, "init_speed": 8.36874362139734}