{"start_longitudinal_offset": 2.2305671050537095, "init_speed": 9.598250257240165}