{"start_longitudinal_offset": -15.594661260920905, "init_speed": 8.36874362139734}