{"start_longitudinal_offset": 1.5551105565904155, "init_speed": 9.779785386222372}