{"start_longitudinal_offset": 0.3793654201848329, "init_speed": 8.351811802170062}