{"start_longitudinal_offset": -13.324488263457152, "init_speed": 9.846689996054113}