{"start_longitudinal_offset": -14.417543742949052, "init_speed": 8.553148795594213}