{"start_longitudinal_offset": 1.49421799029557, "init_speed": 9.166476820302115}