{"start_longitudinal_offset": -2.4705498334126514, "init_speed": 9.834245145095204}