{"start_longitudinal_offset": -1.8615483855376114, "init_speed": 9.364703726496288}