{"start_longitudinal_offset": -1.356482726121973, "init_speed": 9.529927292207297}