{"start_longitudinal_offset": 2.2523793112504205, "init_speed": 9.59408710636693}