{"start_longitudinal_offset": -1.212187475452381, "init_speed": 8.107642037604446}