{"start_longitudinal_offset": -0.0025662484849137135, "init_speed": 9.025940910459063}