{"start_longitudinal_offset": -2.4840944535334417, "init_speed": 8.440719745545223}