{"start_longitudinal_offset": 1.6755117365428474, "init_speed": 9.846689996054113}