{"start_longitudinal_offset": -0.9056271063280846, "init_speed": 9.730443425687472}