{"start_longitudinal_offset": -0.31279819221370464, "init_speed": 8.42752592675019}