{"start_longitudinal_offset": -13.444889443409584, "init_speed": 9.779785386222372}