{"start_longitudinal_offset": -15.36350614358525, "init_speed": 9.624189013311547}