{"start_longitudinal_offset": -0.5192277779128829, "init_speed": 9.48293410446942}