{"start_longitudinal_offset": -1.169580439943626, "init_speed": 9.639509123186004}