{"start_longitudinal_offset": -0.05005981170543128, "init_speed": 9.732254861476486}