{"start_longitudinal_offset": 0.39397859425623627, "init_speed": 9.16544928123064}