{"start_longitudinal_offset": 1.2940516050193391, "init_speed": 8.489929202137592}