{"start_longitudinal_offset": 1.2823948507297862, "init_speed": 9.72938050218755}