{"start_longitudinal_offset": -0.35084839782876687, "init_speed": 9.837200983547087}