{"start_longitudinal_offset": -14.620634579815167, "init_speed": 8.351811802170062}