{"start_longitudinal_offset": -15.071792984600014, "init_speed": 8.463111249634135}