{"start_longitudinal_offset": -13.133635256059742, "init_speed": 8.065103843213178}