{"start_longitudinal_offset": -15.05808084398388, "init_speed": 8.029789833520464}