{"start_longitudinal_offset": -15.519227777912883, "init_speed": 9.48293410446942}