{"start_longitudinal_offset": -16.81162767628866, "init_speed": 8.347263272350805}