{"start_longitudinal_offset": -13.011158555368713, "init_speed": 8.598875791274914}