{"start_longitudinal_offset": -14.223574114944604, "init_speed": 8.475812799259234}