{"start_longitudinal_offset": -17.47054983341265, "init_speed": 9.834245145095204}