{"start_longitudinal_offset": -16.356482726121975, "init_speed": 9.529927292207297}