{"start_longitudinal_offset": -15.978194516087719, "init_speed": 9.461503872742508}