{"start_longitudinal_offset": -15.002566248484914, "init_speed": 9.025940910459063}