{"start_longitudinal_offset": -15.812354746948289, "init_speed": 9.054084168060594}