{"start_longitudinal_offset": -15.350848397828766, "init_speed": 9.837200983547087}