{"start_longitudinal_offset": -15.312798192213705, "init_speed": 8.42752592675019}