{"start_longitudinal_offset": -17.11212014900712, "init_speed": 8.436285746499976}