{"start_longitudinal_offset": -14.904424280102523, "init_speed": 8.33180798648149}