{"start_longitudinal_offset": -15.050059811705431, "init_speed": 9.732254861476486}