{"start_longitudinal_offset": -15.457045100039421, "init_speed": 8.995577936995588}