{"start_longitudinal_offset": -17.148246633621373, "init_speed": 8.36867597485696}