{"start_longitudinal_offset": -16.604366212560993, "init_speed": 8.993403683590682}