{"start_longitudinal_offset": -13.717605149270213, "init_speed": 9.72938050218755}