{"start_longitudinal_offset": -15.153246059160187, "init_speed": 9.854814517050334}