{"start_longitudinal_offset": -17.388823560400606, "init_speed": 9.259880409179361}