{"start_longitudinal_offset": -13.439439447432118, "init_speed": 8.142973613246793}