{"start_longitudinal_offset": -13.70594839498066, "init_speed": 8.489929202137592}