{"start_longitudinal_offset": -16.742306234903467, "init_speed": 8.028948953580134}