{"start_longitudinal_offset": -15.905627106328085, "init_speed": 9.730443425687472}