{"start_longitudinal_offset": -13.50578200970443, "init_speed": 9.166476820302115}