{"start_longitudinal_offset": -15.378144305364943, "init_speed": 8.625484512501533}