{"start_longitudinal_offset": -13.780604463401717, "init_speed": 9.456486656366524}