{"start_longitudinal_offset": -12.769432894946291, "init_speed": 9.598250257240165}