{"start_longitudinal_offset": -14.382207989209471, "init_speed": 8.463816377212838}