{"start_longitudinal_offset": -14.449275858491339, "init_speed": 8.94226645778092}