{"start_longitudinal_offset": -15.985989336388078, "init_speed": 9.251068011470927}