{"start_longitudinal_offset": -14.669554568366406, "init_speed": 9.648483192194822}