{"start_longitudinal_offset": -15.323369599172565, "init_speed": 9.036330073705429}