{"start_longitudinal_offset": -14.606021405743764, "init_speed": 9.16544928123064}