{"start_longitudinal_offset": -13.295889189118196, "init_speed": 8.555730580597857}