{"start_longitudinal_offset": -12.74762068874958, "init_speed": 9.59408710636693}